address,opcode_bin,mnemonic,step,Z,C,signals,rom1_hex,rom2_hex
0,0000,NOP,0,0,0,IROM_OUT+IR_IN+PC_INC,F2,DC
1,0000,NOP,0,0,1,IROM_OUT+IR_IN+PC_INC,F2,DC
2,0000,NOP,0,1,0,IROM_OUT+IR_IN+PC_INC,F2,DC
3,0000,NOP,0,1,1,IROM_OUT+IR_IN+PC_INC,F2,DC
4,0000,NOP,1,0,0,(none),DB,DC
5,0000,NOP,1,0,1,(none),DB,DC
6,0000,NOP,1,1,0,(none),DB,DC
7,0000,NOP,1,1,1,(none),DB,DC
8,0000,NOP,2,0,0,(none),DB,DC
9,0000,NOP,2,0,1,(none),DB,DC
10,0000,NOP,2,1,0,(none),DB,DC
11,0000,NOP,2,1,1,(none),DB,DC
12,0000,NOP,3,0,0,(none),DB,DC
13,0000,NOP,3,0,1,(none),DB,DC
14,0000,NOP,3,1,0,(none),DB,DC
15,0000,NOP,3,1,1,(none),DB,DC
16,0001,LOAD,0,0,0,IROM_OUT+IR_IN+PC_INC,F2,DC
17,0001,LOAD,0,0,1,IROM_OUT+IR_IN+PC_INC,F2,DC
18,0001,LOAD,0,1,0,IROM_OUT+IR_IN+PC_INC,F2,DC
19,0001,LOAD,0,1,1,IROM_OUT+IR_IN+PC_INC,F2,DC
20,0001,LOAD,1,0,0,IROM_OUT+MAR_IN+PC_INC,EA,DC
21,0001,LOAD,1,0,1,IROM_OUT+MAR_IN+PC_INC,EA,DC
22,0001,LOAD,1,1,0,IROM_OUT+MAR_IN+PC_INC,EA,DC
23,0001,LOAD,1,1,1,IROM_OUT+MAR_IN+PC_INC,EA,DC
24,0001,LOAD,2,0,0,RAM_OUT+REG_IN,D9,DE
25,0001,LOAD,2,0,1,RAM_OUT+REG_IN,D9,DE
26,0001,LOAD,2,1,0,RAM_OUT+REG_IN,D9,DE
27,0001,LOAD,2,1,1,RAM_OUT+REG_IN,D9,DE
28,0001,LOAD,3,0,0,(none),DB,DC
29,0001,LOAD,3,0,1,(none),DB,DC
30,0001,LOAD,3,1,0,(none),DB,DC
31,0001,LOAD,3,1,1,(none),DB,DC
32,0010,STORE,0,0,0,IROM_OUT+IR_IN+PC_INC,F2,DC
33,0010,STORE,0,0,1,IROM_OUT+IR_IN+PC_INC,F2,DC
34,0010,STORE,0,1,0,IROM_OUT+IR_IN+PC_INC,F2,DC
35,0010,STORE,0,1,1,IROM_OUT+IR_IN+PC_INC,F2,DC
36,0010,STORE,1,0,0,IROM_OUT+MAR_IN+PC_INC,EA,DC
37,0010,STORE,1,0,1,IROM_OUT+MAR_IN+PC_INC,EA,DC
38,0010,STORE,1,1,0,IROM_OUT+MAR_IN+PC_INC,EA,DC
39,0010,STORE,1,1,1,IROM_OUT+MAR_IN+PC_INC,EA,DC
40,0010,STORE,2,0,0,REG_OUT+RAM_IN,DF,D8
41,0010,STORE,2,0,1,REG_OUT+RAM_IN,DF,D8
42,0010,STORE,2,1,0,REG_OUT+RAM_IN,DF,D8
43,0010,STORE,2,1,1,REG_OUT+RAM_IN,DF,D8
44,0010,STORE,3,0,0,(none),DB,DC
45,0010,STORE,3,0,1,(none),DB,DC
46,0010,STORE,3,1,0,(none),DB,DC
47,0010,STORE,3,1,1,(none),DB,DC
48,0011,ADD,0,0,0,IROM_OUT+IR_IN+PC_INC,F2,DC
49,0011,ADD,0,0,1,IROM_OUT+IR_IN+PC_INC,F2,DC
50,0011,ADD,0,1,0,IROM_OUT+IR_IN+PC_INC,F2,DC
51,0011,ADD,0,1,1,IROM_OUT+IR_IN+PC_INC,F2,DC
52,0011,ADD,1,0,0,REG_OUT+A_IN,DB,D0
53,0011,ADD,1,0,1,REG_OUT+A_IN,DB,D0
54,0011,ADD,1,1,0,REG_OUT+A_IN,DB,D0
55,0011,ADD,1,1,1,REG_OUT+A_IN,DB,D0
56,0011,ADD,2,0,0,RS_SEL+REG_OUT+TEMP_IN,DB,C9
57,0011,ADD,2,0,1,RS_SEL+REG_OUT+TEMP_IN,DB,C9
58,0011,ADD,2,1,0,RS_SEL+REG_OUT+TEMP_IN,DB,C9
59,0011,ADD,2,1,1,RS_SEL+REG_OUT+TEMP_IN,DB,C9
60,0011,ADD,3,0,0,EO+REG_IN+FI,DB,1E
61,0011,ADD,3,0,1,EO+REG_IN+FI,DB,1E
62,0011,ADD,3,1,0,EO+REG_IN+FI,DB,1E
63,0011,ADD,3,1,1,EO+REG_IN+FI,DB,1E
64,0100,SUB,0,0,0,IROM_OUT+IR_IN+PC_INC,F2,DC
65,0100,SUB,0,0,1,IROM_OUT+IR_IN+PC_INC,F2,DC
66,0100,SUB,0,1,0,IROM_OUT+IR_IN+PC_INC,F2,DC
67,0100,SUB,0,1,1,IROM_OUT+IR_IN+PC_INC,F2,DC
68,0100,SUB,1,0,0,REG_OUT+A_IN,DB,D0
69,0100,SUB,1,0,1,REG_OUT+A_IN,DB,D0
70,0100,SUB,1,1,0,REG_OUT+A_IN,DB,D0
71,0100,SUB,1,1,1,REG_OUT+A_IN,DB,D0
72,0100,SUB,2,0,0,RS_SEL+REG_OUT+TEMP_IN,DB,C9
73,0100,SUB,2,0,1,RS_SEL+REG_OUT+TEMP_IN,DB,C9
74,0100,SUB,2,1,0,RS_SEL+REG_OUT+TEMP_IN,DB,C9
75,0100,SUB,2,1,1,RS_SEL+REG_OUT+TEMP_IN,DB,C9
76,0100,SUB,3,0,0,EO+REG_IN+FI+SU,DB,3E
77,0100,SUB,3,0,1,EO+REG_IN+FI+SU,DB,3E
78,0100,SUB,3,1,0,EO+REG_IN+FI+SU,DB,3E
79,0100,SUB,3,1,1,EO+REG_IN+FI+SU,DB,3E
80,0101,JMP,0,0,0,IROM_OUT+IR_IN+PC_INC,F2,DC
81,0101,JMP,0,0,1,IROM_OUT+IR_IN+PC_INC,F2,DC
82,0101,JMP,0,1,0,IROM_OUT+IR_IN+PC_INC,F2,DC
83,0101,JMP,0,1,1,IROM_OUT+IR_IN+PC_INC,F2,DC
84,0101,JMP,1,0,0,IROM_OUT+MAR_IN+PC_INC,EA,DC
85,0101,JMP,1,0,1,IROM_OUT+MAR_IN+PC_INC,EA,DC
86,0101,JMP,1,1,0,IROM_OUT+MAR_IN+PC_INC,EA,DC
87,0101,JMP,1,1,1,IROM_OUT+MAR_IN+PC_INC,EA,DC
88,0101,JMP,2,0,0,PC_LOAD,9B,DC
89,0101,JMP,2,0,1,PC_LOAD,9B,DC
90,0101,JMP,2,1,0,PC_LOAD,9B,DC
91,0101,JMP,2,1,1,PC_LOAD,9B,DC
92,0101,JMP,3,0,0,(none),DB,DC
93,0101,JMP,3,0,1,(none),DB,DC
94,0101,JMP,3,1,0,(none),DB,DC
95,0101,JMP,3,1,1,(none),DB,DC
96,0110,JZ,0,0,0,IROM_OUT+IR_IN+PC_INC,F2,DC
97,0110,JZ,0,0,1,IROM_OUT+IR_IN+PC_INC,F2,DC
98,0110,JZ,0,1,0,IROM_OUT+IR_IN+PC_INC,F2,DC
99,0110,JZ,0,1,1,IROM_OUT+IR_IN+PC_INC,F2,DC
100,0110,JZ,1,0,0,IROM_OUT+MAR_IN+PC_INC,EA,DC
101,0110,JZ,1,0,1,IROM_OUT+MAR_IN+PC_INC,EA,DC
102,0110,JZ,1,1,0,IROM_OUT+MAR_IN+PC_INC,EA,DC
103,0110,JZ,1,1,1,IROM_OUT+MAR_IN+PC_INC,EA,DC
104,0110,JZ,2,0,0,(none),DB,DC
105,0110,JZ,2,0,1,(none),DB,DC
106,0110,JZ,2,1,0,PC_LOAD,9B,DC
107,0110,JZ,2,1,1,PC_LOAD,9B,DC
108,0110,JZ,3,0,0,(none),DB,DC
109,0110,JZ,3,0,1,(none),DB,DC
110,0110,JZ,3,1,0,(none),DB,DC
111,0110,JZ,3,1,1,(none),DB,DC
112,0111,JC,0,0,0,IROM_OUT+IR_IN+PC_INC,F2,DC
113,0111,JC,0,0,1,IROM_OUT+IR_IN+PC_INC,F2,DC
114,0111,JC,0,1,0,IROM_OUT+IR_IN+PC_INC,F2,DC
115,0111,JC,0,1,1,IROM_OUT+IR_IN+PC_INC,F2,DC
116,0111,JC,1,0,0,IROM_OUT+MAR_IN+PC_INC,EA,DC
117,0111,JC,1,0,1,IROM_OUT+MAR_IN+PC_INC,EA,DC
118,0111,JC,1,1,0,IROM_OUT+MAR_IN+PC_INC,EA,DC
119,0111,JC,1,1,1,IROM_OUT+MAR_IN+PC_INC,EA,DC
120,0111,JC,2,0,0,(none),DB,DC
121,0111,JC,2,0,1,PC_LOAD,9B,DC
122,0111,JC,2,1,0,(none),DB,DC
123,0111,JC,2,1,1,PC_LOAD,9B,DC
124,0111,JC,3,0,0,(none),DB,DC
125,0111,JC,3,0,1,(none),DB,DC
126,0111,JC,3,1,0,(none),DB,DC
127,0111,JC,3,1,1,(none),DB,DC
128,1000,MOV,0,0,0,IROM_OUT+IR_IN+PC_INC,F2,DC
129,1000,MOV,0,0,1,IROM_OUT+IR_IN+PC_INC,F2,DC
130,1000,MOV,0,1,0,IROM_OUT+IR_IN+PC_INC,F2,DC
131,1000,MOV,0,1,1,IROM_OUT+IR_IN+PC_INC,F2,DC
132,1000,MOV,1,0,0,RS_SEL+REG_OUT+REG_IN,DB,DB
133,1000,MOV,1,0,1,RS_SEL+REG_OUT+REG_IN,DB,DB
134,1000,MOV,1,1,0,RS_SEL+REG_OUT+REG_IN,DB,DB
135,1000,MOV,1,1,1,RS_SEL+REG_OUT+REG_IN,DB,DB
136,1000,MOV,2,0,0,(none),DB,DC
137,1000,MOV,2,0,1,(none),DB,DC
138,1000,MOV,2,1,0,(none),DB,DC
139,1000,MOV,2,1,1,(none),DB,DC
140,1000,MOV,3,0,0,(none),DB,DC
141,1000,MOV,3,0,1,(none),DB,DC
142,1000,MOV,3,1,0,(none),DB,DC
143,1000,MOV,3,1,1,(none),DB,DC
144,1001,(reserved),0,0,0,IROM_OUT+IR_IN+PC_INC,F2,DC
145,1001,(reserved),0,0,1,IROM_OUT+IR_IN+PC_INC,F2,DC
146,1001,(reserved),0,1,0,IROM_OUT+IR_IN+PC_INC,F2,DC
147,1001,(reserved),0,1,1,IROM_OUT+IR_IN+PC_INC,F2,DC
148,1001,(reserved),1,0,0,(none),DB,DC
149,1001,(reserved),1,0,1,(none),DB,DC
150,1001,(reserved),1,1,0,(none),DB,DC
151,1001,(reserved),1,1,1,(none),DB,DC
152,1001,(reserved),2,0,0,(none),DB,DC
153,1001,(reserved),2,0,1,(none),DB,DC
154,1001,(reserved),2,1,0,(none),DB,DC
155,1001,(reserved),2,1,1,(none),DB,DC
156,1001,(reserved),3,0,0,(none),DB,DC
157,1001,(reserved),3,0,1,(none),DB,DC
158,1001,(reserved),3,1,0,(none),DB,DC
159,1001,(reserved),3,1,1,(none),DB,DC
160,1010,(reserved),0,0,0,IROM_OUT+IR_IN+PC_INC,F2,DC
161,1010,(reserved),0,0,1,IROM_OUT+IR_IN+PC_INC,F2,DC
162,1010,(reserved),0,1,0,IROM_OUT+IR_IN+PC_INC,F2,DC
163,1010,(reserved),0,1,1,IROM_OUT+IR_IN+PC_INC,F2,DC
164,1010,(reserved),1,0,0,(none),DB,DC
165,1010,(reserved),1,0,1,(none),DB,DC
166,1010,(reserved),1,1,0,(none),DB,DC
167,1010,(reserved),1,1,1,(none),DB,DC
168,1010,(reserved),2,0,0,(none),DB,DC
169,1010,(reserved),2,0,1,(none),DB,DC
170,1010,(reserved),2,1,0,(none),DB,DC
171,1010,(reserved),2,1,1,(none),DB,DC
172,1010,(reserved),3,0,0,(none),DB,DC
173,1010,(reserved),3,0,1,(none),DB,DC
174,1010,(reserved),3,1,0,(none),DB,DC
175,1010,(reserved),3,1,1,(none),DB,DC
176,1011,(reserved),0,0,0,IROM_OUT+IR_IN+PC_INC,F2,DC
177,1011,(reserved),0,0,1,IROM_OUT+IR_IN+PC_INC,F2,DC
178,1011,(reserved),0,1,0,IROM_OUT+IR_IN+PC_INC,F2,DC
179,1011,(reserved),0,1,1,IROM_OUT+IR_IN+PC_INC,F2,DC
180,1011,(reserved),1,0,0,(none),DB,DC
181,1011,(reserved),1,0,1,(none),DB,DC
182,1011,(reserved),1,1,0,(none),DB,DC
183,1011,(reserved),1,1,1,(none),DB,DC
184,1011,(reserved),2,0,0,(none),DB,DC
185,1011,(reserved),2,0,1,(none),DB,DC
186,1011,(reserved),2,1,0,(none),DB,DC
187,1011,(reserved),2,1,1,(none),DB,DC
188,1011,(reserved),3,0,0,(none),DB,DC
189,1011,(reserved),3,0,1,(none),DB,DC
190,1011,(reserved),3,1,0,(none),DB,DC
191,1011,(reserved),3,1,1,(none),DB,DC
192,1100,(reserved),0,0,0,IROM_OUT+IR_IN+PC_INC,F2,DC
193,1100,(reserved),0,0,1,IROM_OUT+IR_IN+PC_INC,F2,DC
194,1100,(reserved),0,1,0,IROM_OUT+IR_IN+PC_INC,F2,DC
195,1100,(reserved),0,1,1,IROM_OUT+IR_IN+PC_INC,F2,DC
196,1100,(reserved),1,0,0,(none),DB,DC
197,1100,(reserved),1,0,1,(none),DB,DC
198,1100,(reserved),1,1,0,(none),DB,DC
199,1100,(reserved),1,1,1,(none),DB,DC
200,1100,(reserved),2,0,0,(none),DB,DC
201,1100,(reserved),2,0,1,(none),DB,DC
202,1100,(reserved),2,1,0,(none),DB,DC
203,1100,(reserved),2,1,1,(none),DB,DC
204,1100,(reserved),3,0,0,(none),DB,DC
205,1100,(reserved),3,0,1,(none),DB,DC
206,1100,(reserved),3,1,0,(none),DB,DC
207,1100,(reserved),3,1,1,(none),DB,DC
208,1101,(reserved),0,0,0,IROM_OUT+IR_IN+PC_INC,F2,DC
209,1101,(reserved),0,0,1,IROM_OUT+IR_IN+PC_INC,F2,DC
210,1101,(reserved),0,1,0,IROM_OUT+IR_IN+PC_INC,F2,DC
211,1101,(reserved),0,1,1,IROM_OUT+IR_IN+PC_INC,F2,DC
212,1101,(reserved),1,0,0,(none),DB,DC
213,1101,(reserved),1,0,1,(none),DB,DC
214,1101,(reserved),1,1,0,(none),DB,DC
215,1101,(reserved),1,1,1,(none),DB,DC
216,1101,(reserved),2,0,0,(none),DB,DC
217,1101,(reserved),2,0,1,(none),DB,DC
218,1101,(reserved),2,1,0,(none),DB,DC
219,1101,(reserved),2,1,1,(none),DB,DC
220,1101,(reserved),3,0,0,(none),DB,DC
221,1101,(reserved),3,0,1,(none),DB,DC
222,1101,(reserved),3,1,0,(none),DB,DC
223,1101,(reserved),3,1,1,(none),DB,DC
224,1110,(reserved),0,0,0,IROM_OUT+IR_IN+PC_INC,F2,DC
225,1110,(reserved),0,0,1,IROM_OUT+IR_IN+PC_INC,F2,DC
226,1110,(reserved),0,1,0,IROM_OUT+IR_IN+PC_INC,F2,DC
227,1110,(reserved),0,1,1,IROM_OUT+IR_IN+PC_INC,F2,DC
228,1110,(reserved),1,0,0,(none),DB,DC
229,1110,(reserved),1,0,1,(none),DB,DC
230,1110,(reserved),1,1,0,(none),DB,DC
231,1110,(reserved),1,1,1,(none),DB,DC
232,1110,(reserved),2,0,0,(none),DB,DC
233,1110,(reserved),2,0,1,(none),DB,DC
234,1110,(reserved),2,1,0,(none),DB,DC
235,1110,(reserved),2,1,1,(none),DB,DC
236,1110,(reserved),3,0,0,(none),DB,DC
237,1110,(reserved),3,0,1,(none),DB,DC
238,1110,(reserved),3,1,0,(none),DB,DC
239,1110,(reserved),3,1,1,(none),DB,DC
240,1111,HLT,0,0,0,IROM_OUT+IR_IN+PC_INC,F2,DC
241,1111,HLT,0,0,1,IROM_OUT+IR_IN+PC_INC,F2,DC
242,1111,HLT,0,1,0,IROM_OUT+IR_IN+PC_INC,F2,DC
243,1111,HLT,0,1,1,IROM_OUT+IR_IN+PC_INC,F2,DC
244,1111,HLT,1,0,0,HLT,5B,DC
245,1111,HLT,1,0,1,HLT,5B,DC
246,1111,HLT,1,1,0,HLT,5B,DC
247,1111,HLT,1,1,1,HLT,5B,DC
248,1111,HLT,2,0,0,HLT,5B,DC
249,1111,HLT,2,0,1,HLT,5B,DC
250,1111,HLT,2,1,0,HLT,5B,DC
251,1111,HLT,2,1,1,HLT,5B,DC
252,1111,HLT,3,0,0,HLT,5B,DC
253,1111,HLT,3,0,1,HLT,5B,DC
254,1111,HLT,3,1,0,HLT,5B,DC
255,1111,HLT,3,1,1,HLT,5B,DC
