Ref,Val,Package,PosX,PosY,Rot,Side
"C1","1uF","C_0603_1608Metric",152.000000,90.000000,0.000000,top
"C2","10uF","C_0805_2012Metric",38.000000,12.000000,0.000000,top
"C10","100nF","C_0603_1608Metric",21.620000,133.345000,0.000000,top
"C11","100nF","C_0603_1608Metric",43.620000,133.345000,0.000000,top
"C12","100nF","C_0603_1608Metric",62.650000,121.895000,0.000000,top
"C13","100nF","C_0603_1608Metric",73.525000,120.445000,0.000000,top
"C14","100nF","C_0603_1608Metric",120.650000,79.895000,0.000000,top
"C15","100nF","C_0603_1608Metric",110.475000,119.825000,0.000000,top
"C16","100nF","C_0603_1608Metric",36.475000,78.445000,0.000000,top
"C17","100nF","C_0603_1608Metric",52.475000,78.445000,0.000000,top
"C18","100nF","C_0603_1608Metric",21.620000,91.345000,0.000000,top
"C19","100nF","C_0603_1608Metric",72.650000,79.895000,0.000000,top
"C20","100nF","C_0603_1608Metric",99.620000,88.800000,0.000000,top
"C21","100nF","C_0603_1608Metric",126.475000,119.825000,0.000000,top
"C22","100nF","C_0603_1608Metric",140.475000,78.445000,0.000000,top
"C23","100nF","C_0603_1608Metric",16.475000,46.445000,0.000000,top
"C24","100nF","C_0603_1608Metric",32.475000,46.445000,0.000000,top
"C25","100nF","C_0603_1608Metric",52.650000,47.895000,0.000000,top
"C26","100nF","C_0603_1608Metric",70.650000,47.895000,0.000000,top
"C27","100nF","C_0603_1608Metric",86.475000,45.825000,0.000000,top
"C28","100nF","C_0603_1608Metric",102.475000,45.825000,0.000000,top
"C29","100nF","C_0603_1608Metric",118.475000,46.445000,0.000000,top
"C30","100nF","C_0603_1608Metric",134.475000,46.445000,0.000000,top
"C31","100nF","C_0603_1608Metric",111.350000,23.895000,0.000000,top
"C32","100nF","C_0603_1608Metric",152.650000,47.895000,0.000000,top
"C33","100nF","C_0603_1608Metric",94.475000,120.445000,0.000000,top
"C34","100nF","C_0603_1608Metric",143.460000,134.595000,0.000000,top
"D1","PWR","LED_0603_1608Metric",50.000000,6.000000,0.000000,top
"F1","750mA hold","Fuse_1206_3216Metric",32.000000,6.000000,0.000000,top
"J1","USB-C 5V","USB_C_Receptacle_GCT_USB4125-xx-x_6P_TopMnt_Horizontal",18.000000,2.600000,0.000000,top
"J2","CLK SEL","PinHeader_1x03_P2.54mm_Vertical",152.000000,116.540000,0.000000,top
"J3","DEBUG","PinHeader_1x10_P2.54mm_Vertical",56.570000,8.000000,90.000000,top
"R1","10k","R_0603_1608Metric",140.000000,90.000000,0.000000,top
"R2","10k","R_0603_1608Metric",146.000000,106.000000,0.000000,top
"R3","5.1k","R_0603_1608Metric",10.000000,12.000000,90.000000,top
"R4","5.1k","R_0603_1608Metric",26.000000,12.000000,90.000000,top
"R5","1k","R_0603_1608Metric",44.000000,6.000000,0.000000,top
"RN1","10k x4","R_Array_Convex_4x0603",56.000000,22.000000,0.000000,top
"RN2","10k x4","R_Array_Convex_4x0603",66.000000,22.000000,0.000000,top
"SW1","RESET","SW_SPST_TL3342",146.000000,96.000000,0.000000,top
"U1","AT28C256 (ctrl ROM 1)","DIP-28_W15.24mm_Socket",6.380000,130.510000,0.000000,top
"U2","AT28C256 (ctrl ROM 2)","DIP-28_W15.24mm_Socket",28.380000,130.510000,0.000000,top
"U3","AT28C64B (program ROM)","DIP-28_W15.24mm_Socket",6.380000,88.510000,0.000000,top
"U4","HM6116 (data RAM)","DIP-24_W15.24mm_Socket",84.380000,85.975000,0.000000,top
"U5","74HC161 (PC lo)","SOIC-16_3.9x9.9mm_P1.27mm",34.000000,72.000000,0.000000,top
"U6","74HC161 (PC hi)","SOIC-16_3.9x9.9mm_P1.27mm",50.000000,72.000000,0.000000,top
"U7","74HC161","SOIC-16_3.9x9.9mm_P1.27mm",76.000000,114.000000,0.000000,top
"U8","74HC377 (MAR)","SOIC-20W_7.5x12.8mm_P1.27mm",68.000000,72.000000,0.000000,top
"U9","74HC377 (IR)","SOIC-20W_7.5x12.8mm_P1.27mm",116.000000,72.000000,0.000000,top
"U10","74HC377","SOIC-20W_7.5x12.8mm_P1.27mm",58.000000,114.000000,0.000000,top
"U11","74HC377 (A)","SOIC-20W_7.5x12.8mm_P1.27mm",48.000000,40.000000,0.000000,top
"U12","74HC377 (TEMP)","SOIC-20W_7.5x12.8mm_P1.27mm",66.000000,40.000000,0.000000,top
"U13","74HC670 (R0-R3 bits 0-3)","SOIC-16_3.9x9.9mm_P1.27mm",14.000000,40.000000,0.000000,top
"U14","74HC670 (R0-R3 bits 4-7)","SOIC-16_3.9x9.9mm_P1.27mm",30.000000,40.000000,0.000000,top
"U15","74HC157","SOIC-16_3.9x9.9mm_P1.27mm",138.000000,72.000000,0.000000,top
"U16","74HC86","SOIC-14_3.9x8.7mm_P1.27mm",84.000000,40.000000,0.000000,top
"U17","74HC86","SOIC-14_3.9x8.7mm_P1.27mm",100.000000,40.000000,0.000000,top
"U18","74HC283","SOIC-16_3.9x9.9mm_P1.27mm",116.000000,40.000000,0.000000,top
"U19","74HC283","SOIC-16_3.9x9.9mm_P1.27mm",132.000000,40.000000,0.000000,top
"U20","74HC245 (ALU out)","SOIC-20W_7.5x12.8mm_P1.27mm",116.000000,16.000000,0.000000,top
"U21","74HC688 (zero detect)","SOIC-20W_7.5x12.8mm_P1.27mm",148.000000,40.000000,0.000000,top
"U22","74HC173 (flags)","SOIC-16_3.9x9.9mm_P1.27mm",92.000000,114.000000,0.000000,top
"U23","74HC00","SOIC-14_3.9x8.7mm_P1.27mm",124.000000,114.000000,0.000000,top
"U24","74HC14","SOIC-14_3.9x8.7mm_P1.27mm",108.000000,114.000000,0.000000,top
"Y1","1MHz osc, tri-state OE","Oscillator_SMD_SeikoEpson_SG8002CA-4Pin_7.0x5.0mm",146.000000,130.000000,0.000000,top
